"ancestor_concept_id","descendant_concept_id","min_levels_of_separation","max_levels_of_separation"
5083,5083,0,0
8546,38004197,1,1
8546,8546,0,0
8668,8668,0,0
8668,38004358,1,1
8716,8716,0,0
8717,8717,0,0
8717,38004287,1,1
8717,38004285,1,1
8717,38004290,2,2
8717,38004282,2,2
8717,38004277,1,1
8717,8913,1,1
8717,38004284,1,1
8717,38004515,1,1
8717,38004279,1,1
8717,581379,2,2
8717,581383,2,2
8717,38004280,2,2
8717,38004283,2,2
8717,32037,1,1
8717,38004278,1,1
8717,38004291,2,2
8717,38004288,1,1
8717,38004275,1,1
8717,32254,1,1
8717,38004281,2,2
8717,38004286,2,2
8717,38004276,2,2
8717,38004270,1,1
8717,38004274,2,2
8756,8756,0,0
8756,32693,1,1
8756,32276,1,1
8756,581385,1,1
8756,5084,1,1
8756,38004515,1,1
8761,8761,0,0
8782,8782,0,0
8809,8809,0,0
8850,8850,0,0
8850,38004354,1,1
8850,38004356,1,1
8850,38004360,1,1
8850,38004359,1,1
8850,38004364,1,1
8870,8870,0,0
8883,38004261,1,1
8883,8883,0,0
8883,38004262,1,1
8913,8913,0,0
8947,8947,0,0
8949,8949,0,0
8964,8964,0,0
8966,8966,0,0
8971,8971,0,0
8977,8977,0,0
9201,38004285,2,2
9201,38004288,2,2
9201,581384,1,1
9201,32254,2,2
9201,8717,1,1
9201,38004286,3,3
9201,8913,2,2
9201,38004275,2,2
9201,9201,0,0
9201,38004281,3,3
9201,38004274,3,3
9201,38004283,3,3
9201,38004278,2,2
9201,38004277,2,2
9201,32760,1,1
9201,581383,3,3
9201,38004270,2,2
9201,38004284,2,2
9201,38004291,3,3
9201,38004279,2,2
9201,38004276,3,3
9201,38004290,3,3
9201,32037,2,2
9201,38004280,3,3
9201,581379,3,3
9201,38004287,2,2
9201,38004515,2,2
9201,8971,1,1
9201,38004282,3,3
9202,38004229,2,2
9202,9202,0,0
9202,38004239,2,2
9202,38004267,2,2
9202,38004696,1,1
9202,38004235,2,2
9202,38004243,2,2
9202,38004223,2,2
9202,903270,3,3
9202,8650,2,2
9202,38004210,2,2
9202,38003821,2,2
9202,38004253,3,3
9202,38004264,2,2
9202,38004246,2,2
9202,8966,1,1
9202,38004453,1,1
9202,32276,2,2
9202,8716,1,1
9202,38004218,2,2
9202,8905,1,1
9202,8782,1,1
9202,38004256,3,3
9202,38004241,2,2
9202,38004216,2,2
9202,38004211,2,2
9202,8960,1,1
9202,38004260,2,2
9202,38004228,2,2
9202,705159,2,2
9202,8756,1,1
9202,38004238,2,2
9202,38004245,2,2
9202,38004259,2,2
9202,38004263,2,2
9202,38004231,2,2
9202,8584,1,1
9202,38004261,3,3
9202,38004217,2,2
9202,38004227,2,2
9202,38004266,2,2
9202,38004288,2,2
9202,38004209,2,2
9202,38004258,2,2
9202,38004526,2,2
9202,581477,1,1
9202,38004215,2,2
9202,38004208,2,2
9202,38004677,1,1
9202,8761,1,1
9202,38004291,3,3
9202,38004242,2,2
9202,8968,2,2
9202,8974,2,2
9202,38004225,2,2
9202,32261,1,1
9202,581479,1,1
9202,38004233,2,2
9202,38004234,2,2
9202,8941,1,1
9202,5084,2,2
9202,38004269,3,3
9202,8977,1,1
9202,38004220,2,2
9202,38003820,2,2
9202,38003620,1,1
9202,38004222,2,2
9202,38004237,2,2
9202,32693,2,2
9202,8949,1,1
9202,38004290,3,3
9202,38004251,3,3
9202,38004207,1,1
9202,38004247,2,2
9202,38004232,2,2
9202,38004252,3,3
9202,38004515,2,2
9202,38004213,2,2
9202,8858,1,1
9202,38004702,1,1
9202,38004257,3,3
9202,38004268,2,2
9202,581380,1,1
9202,38004262,3,3
9202,38004226,2,2
9202,38004254,2,2
9202,8947,2,2
9202,581385,2,2
9202,38004249,2,2
9202,38004244,2,2
9202,38004248,2,2
9202,8969,2,2
9202,38004236,2,2
9202,38004240,2,2
9202,38004219,2,2
9202,38004250,2,2
9202,38004693,1,1
9202,8883,2,2
9202,8964,1,1
9202,38004204,3,3
9203,8870,1,1
31821,37209399,3,3
31821,37209400,3,3
31821,37117191,3,3
31821,199881,2,2
31821,4034015,3,3
31821,37209188,4,4
32036,8809,1,1
75865,4276944,4,4
79069,4317964,1,1
134730,4200841,1,1
135930,4200841,3,3
139882,139882,0,0
141960,139882,4,4
141960,4146995,3,3
192438,4034015,4,4
193254,4211992,1,1
193254,4200841,2,2
194420,194420,0,0
194421,194421,0,0
194421,4317964,1,1
194421,4224161,1,1
194421,4260818,1,1
194421,36717630,1,1
196738,4003678,2,2
197033,4195507,1,1
197033,197033,0,0
197033,37110261,1,1
197033,4182703,1,1
197033,4272614,1,1
197033,4222798,1,1
197033,37119080,1,1
197033,4019817,1,1
197324,4222798,3,3
197324,4182703,3,3
197324,4195507,3,3
197324,37119080,3,3
197324,4019817,3,3
197324,37110262,1,1
197324,37110261,3,3
197324,197033,2,2
197324,4272614,3,3
197331,4276944,3,3
197610,4034015,1,1
199881,199881,0,0
199881,37209188,2,2
199881,37117191,1,1
199881,4034015,1,1
199881,37209400,1,1
199881,37209399,1,1
200174,139882,4,4
200174,4146995,3,3
200452,194420,3,3
200452,37209188,4,4
200452,37209399,3,3
200452,4034015,3,3
200452,200461,2,2
200452,4127413,3,3
200452,199881,2,2
200452,4189364,3,3
200452,4211992,2,2
200452,4058381,3,4
200452,37209400,3,3
200452,4200841,3,3
200452,37117191,3,3
200461,200461,0,0
200461,4127413,1,1
200461,4058381,1,1
200461,4189364,1,1
200780,200461,1,1
200780,4189364,2,2
200780,4127413,2,2
200780,4058381,2,3
201131,4034015,4,4
201337,4276944,1,1
201618,4224161,2,3
201618,4317964,2,3
201618,4260818,2,4
201618,194421,1,1
201618,36717630,2,2
201618,36713393,2,2
253549,37119080,5,5
253549,4272614,5,5
253549,37110262,3,3
253549,4019817,5,5
253549,197033,4,4
253549,4222798,5,5
253549,4051345,3,3
253549,4200841,2,2
253549,4182703,5,5
253549,4195507,5,5
253549,37110261,5,5
257907,4176409,1,1
257907,4051345,2,2
320136,4176409,3,3
320136,4051345,4,4
376208,4019817,3,5
376208,197033,2,4
376208,139882,4,5
376208,4195507,3,5
376208,37110261,3,5
376208,37110262,2,3
376208,37119080,3,5
376208,4272614,3,5
376208,4182703,3,5
376208,4072148,2,4
376208,4222798,3,5
376208,4200841,2,3
376208,4146995,3,4
433524,4224161,1,1
433527,4307585,1,1
433527,194420,2,2
433527,4034015,3,3
433527,4230333,1,1
433527,37209399,3,3
433527,4211992,2,2
433527,4272614,3,3
433527,4176409,3,3
433527,4264439,1,1
433527,4195507,3,3
433527,4187787,1,1
433527,433527,0,0
433527,4034016,1,1
433527,199881,2,2
433527,36717630,2,2
433527,37117191,3,3
433527,37119080,3,3
433527,139882,3,3
433527,37209188,4,4
433527,197033,2,2
433527,4189364,3,3
433527,37209400,3,3
433527,4127413,3,3
433527,4051345,4,4
433527,36713393,2,2
433527,36713394,2,2
433527,200461,2,2
433527,4182703,3,3
433527,4003678,1,1
433527,4200841,3,3
433527,194421,1,1
433527,4276944,2,2
433527,37110261,3,3
433527,4146995,2,2
433527,4222798,3,3
433527,4288543,1,1
433527,4072148,2,2
433527,4132140,1,1
433527,4224161,2,2
433527,4317964,2,2
433527,4260818,2,2
433527,4019817,3,3
433527,37110262,1,1
433527,4058381,3,3
441840,4176409,5,8
441840,200461,4,11
441840,37110261,5,10
441840,4272614,5,10
441840,4003678,3,11
441840,4034015,5,12
441840,194420,4,12
441840,4211992,4,11
441840,37119080,5,10
441840,4187787,3,3
441840,37209399,5,12
441840,37209188,6,13
441840,36713393,4,10
441840,4307585,3,11
441840,433527,2,2
441840,4127413,5,12
441840,4230333,3,3
441840,4195507,5,10
441840,4264439,3,3
441840,194421,3,9
441840,4189364,5,12
441840,36717630,4,10
441840,4019817,5,10
441840,199881,4,11
441840,4317964,4,11
441840,4034016,3,3
441840,4260818,4,12
441840,37117191,5,12
441840,37110262,3,8
441840,36713394,4,7
441840,139882,5,9
441840,4146995,4,8
441840,4072148,4,9
441840,4222798,5,10
441840,4200841,5,12
441840,4182703,5,10
441840,4132140,3,8
441840,4288543,3,3
441840,4224161,4,11
441840,4276944,4,11
441840,4058381,5,13
441840,37209400,5,12
441840,197033,4,9
441840,4051345,5,9
442259,4307585,1,1
442781,4189364,1,1
443285,4189364,1,1
443343,37209399,3,3
443343,37209188,4,4
443343,4127413,3,3
443343,4307585,2,2
443343,4211992,2,2
443343,200461,2,2
443343,4034015,3,3
443343,37117191,3,3
443343,4189364,3,3
443343,37209400,3,3
443343,194420,3,3
443343,4058381,3,4
443343,4200841,3,3
443343,199881,2,2
444089,36717630,4,4
444089,4182703,4,4
444089,4222798,4,4
444089,37209188,4,4
444089,4072148,3,3
444089,4276944,2,2
444089,37119080,4,4
444089,4272614,4,4
444089,4224161,4,5
444089,200461,2,2
444089,4189364,3,3
444089,4200841,3,3
444089,4127413,3,3
444089,37110261,4,4
444089,36713393,4,4
444089,4034015,3,4
444089,37209399,3,3
444089,4195507,4,4
444089,37117191,3,3
444089,197033,3,3
444089,194420,3,3
444089,199881,2,2
444089,4317964,3,5
444089,4260818,4,6
444089,37209400,3,3
444089,194421,3,3
444089,4211992,2,2
444089,4058381,3,4
444089,4019817,4,4
444089,37110262,2,2
444112,139882,5,6
444112,4146995,4,5
444363,4003678,1,1
581380,581380,0,0
581385,581385,0,0
581458,581458,0,0
581458,38004347,2,2
581458,38004323,2,2
581458,38004344,2,2
581458,38004326,1,1
581458,38004338,1,1
581458,38004343,2,2
581458,38004346,2,2
581458,38004341,2,2
581458,38004340,2,2
581458,38004345,2,2
581458,38004342,2,2
581458,38004687,1,1
581458,38004339,2,2
581458,38004324,2,2
581458,38004325,2,2
581458,38004348,2,2
581476,38004206,1,1
581476,38004201,1,1
581476,44777714,1,1
581476,38004205,1,1
581476,38003619,1,1
581476,8672,1,1
581476,8537,1,1
581476,38004203,1,1
581476,44777691,1,1
581476,38004307,2,2
581476,8602,1,1
581476,38004199,1,1
581476,38004196,1,1
581476,581476,0,0
581476,38004306,1,1
581476,38004198,1,1
581476,38004202,1,1
581476,38004519,1,1
581476,581475,1,1
581476,8851,1,1
581477,581477,0,0
581478,8668,2,2
581478,8850,2,2
581479,8947,1,1
2109444,2109444,0,0
2109445,2109445,0,0
2109446,2109446,0,0
4000610,4224161,4,5
4000610,4260818,4,6
4000610,4317964,4,5
4000610,36713393,4,4
4000610,36717630,4,4
4000610,194421,3,3
4000738,2109446,2,3
4000738,2109444,2,3
4000738,2109445,2,3
4000740,2109445,2,5
4000740,2109444,2,5
4000740,2109446,2,5
4001716,36713393,1,1
4002905,4317964,2,2
4002905,36717630,1,1
4002905,4260818,3,3
4002905,4224161,2,2
4003678,4003678,0,0
4019817,4019817,0,0
4021780,4276944,3,3
4024000,4276944,5,5
4024567,4051345,3,5
4024567,4176409,4,4
4024969,2109445,2,4
4024969,2109446,2,4
4024969,2109444,2,4
4027553,4051345,3,3
4027553,4176409,2,2
4027880,4260818,2,2
4028071,4317964,5,7
4028071,4307585,6,7
4028071,199881,4,7
4028071,4034015,5,8
4028071,36717630,6,6
4028071,4272614,5,6
4028071,36713394,3,3
4028071,4003678,6,7
4028071,37209400,5,8
4028071,36713393,6,6
4028071,37110262,3,4
4028071,200461,4,7
4028071,37117191,5,8
4028071,4051345,5,5
4028071,4189364,5,8
4028071,4058381,5,9
4028071,4260818,6,8
4028071,37209188,6,9
4028071,4019817,5,6
4028071,4127413,5,8
4028071,197033,4,5
4028071,37209399,5,8
4028071,37119080,5,6
4028071,37110261,5,6
4028071,4132140,4,4
4028071,194420,5,8
4028071,4182703,4,6
4028071,4224161,6,7
4028071,4176409,4,4
4028071,4211992,4,7
4028071,4222798,4,6
4028071,4195507,4,6
4028071,4276944,4,7
4028071,4072148,4,5
4028071,4200841,3,8
4028071,194421,5,5
4028387,139882,5,5
4028387,4146995,4,4
4029205,2109446,5,9
4029205,2109444,5,9
4029205,2109445,5,9
4029698,2109445,1,2
4029698,2109446,1,2
4029698,2109444,1,2
4030166,2109444,1,4
4030166,2109446,1,4
4030166,2109445,1,4
4031313,2109446,1,2
4031313,2109445,1,2
4031313,2109444,1,2
4032123,2109446,2,3
4032123,2109444,2,3
4032123,2109445,2,3
4034005,4019817,1,1
4034015,4034015,0,0
4034016,4146995,1,1
4034016,36713394,1,1
4034016,4176409,2,2
4034016,36717630,1,1
4034016,4072148,1,1
4034016,4034016,0,0
4034016,139882,2,2
4034016,36713393,1,1
4034016,4051345,3,3
4038678,4260818,4,4
4038678,4317964,3,3
4038678,4224161,3,3
4038678,36717630,2,2
4040396,2109444,3,6
4040396,2109445,3,6
4040396,2109446,3,6
4040400,2109445,4,6
4040400,2109444,4,6
4040400,2109446,4,6
4041285,4058381,5,8
4041285,199881,4,6
4041285,4019817,3,5
4041285,37117191,5,7
4041285,4276944,6,6
4041285,37209400,5,7
4041285,37209399,5,7
4041285,4195507,3,4
4041285,4127413,5,7
4041285,194420,4,7
4041285,37209188,6,8
4041285,4034015,5,7
4041285,4189364,5,7
4041285,200461,4,6
4041285,4307585,4,6
4041285,4003678,3,6
4041285,4222798,3,4
4041285,4182703,3,4
4041285,4211992,4,6
4041285,4200841,5,7
4042140,4051345,4,8
4042140,4224161,6,10
4042140,36713394,5,6
4042140,4132140,6,7
4042140,199881,5,10
4042140,37117191,6,11
4042140,4317964,6,10
4042140,4146995,5,7
4042140,37110262,4,7
4042140,4222798,5,9
4042140,37119080,5,9
4042140,36713393,6,9
4042140,4182703,5,9
4042140,37209400,6,11
4042140,4072148,4,8
4042140,139882,6,8
4042140,4260818,6,11
4042140,194420,7,11
4042140,4211992,6,10
4042140,4307585,8,10
4042140,4200841,4,11
4042140,37209188,7,12
4042140,200461,6,10
4042140,4272614,5,9
4042140,37209399,6,11
4042140,4127413,6,11
4042140,4034015,6,11
4042140,37110261,5,9
4042140,36717630,6,9
4042140,197033,4,8
4042140,4003678,7,10
4042140,4189364,7,11
4042140,4019817,5,9
4042140,194421,5,8
4042140,4058381,7,12
4042140,4195507,5,9
4042140,4276944,6,10
4042140,4176409,4,7
4042150,2109445,4,6
4042150,2109446,4,6
4042150,2109444,4,6
4042178,36713393,2,2
4042514,4003678,1,1
4042833,4072148,2,2
4042838,4019817,2,2
4042838,197033,1,1
4042838,37119080,2,2
4042838,4272614,2,2
4042838,4182703,2,2
4042838,37110261,2,2
4042838,4222798,2,2
4042838,4195507,2,2
4043022,2109445,4,7
4043022,2109444,4,7
4043022,2109446,4,7
4043161,2109444,3,5
4043161,2109446,3,5
4043161,2109445,3,5
4043346,4051345,3,3
4043346,36713394,1,1
4043346,4176409,2,2
4047779,37209400,5,9
4047779,4222798,4,7
4047779,4058381,6,10
4047779,4146995,4,6
4047779,36713394,4,4
4047779,4200841,3,9
4047779,4051345,4,6
4047779,37110262,3,5
4047779,4272614,4,7
4047779,36713393,6,8
4047779,4034015,5,9
4047779,4072148,3,6
4047779,4189364,6,9
4047779,37209188,6,10
4047779,4307585,7,8
4047779,4003678,7,8
4047779,37209399,5,9
4047779,4224161,6,9
4047779,4127413,6,9
4047779,4132140,5,5
4047779,4276944,5,8
4047779,4182703,4,7
4047779,197033,3,6
4047779,200461,5,8
4047779,4317964,6,9
4047779,4260818,6,10
4047779,37117191,5,9
4047779,199881,4,8
4047779,37119080,4,7
4047779,139882,5,7
4047779,36717630,6,8
4047779,4195507,4,7
4047779,37110261,4,7
4047779,4019817,4,7
4047779,194420,6,9
4047779,194421,5,7
4047779,4211992,5,8
4047779,4176409,5,5
4051345,4051345,0,0
4052554,4051345,2,2
4053317,4307585,4,4
4058381,4058381,0,0
4067285,2109446,2,5
4067285,2109444,2,5
4067285,2109445,2,5
4072148,4072148,0,0
4083787,4146995,3,3
4083787,139882,4,4
4088775,4307585,2,2
4088777,4200841,3,3
4088777,4211992,2,2
4089548,4058381,3,3
4089548,4127413,1,1
4090861,4003678,3,4
4091213,4276944,4,4
4091532,4260818,3,5
4091532,4224161,3,4
4091532,4317964,3,4
4091532,36717630,3,3
4091532,194421,2,2
4091532,36713393,3,3
4092881,4276944,2,2
4093227,37110262,2,2
4093227,37119080,4,4
4093227,4272614,4,4
4093227,197033,3,3
4093227,4019817,4,4
4093227,37110261,4,4
4093227,4182703,4,4
4093227,4222798,4,4
4093227,4200841,2,2
4093227,4072148,3,3
4093227,4195507,4,4
4093991,4072148,3,5
4093991,4019817,4,6
4093991,4200841,3,4
4093991,4182703,4,6
4093991,197033,3,5
4093991,139882,5,6
4093991,4222798,4,6
4093991,4146995,4,5
4093991,37110262,3,4
4093991,4272614,4,6
4093991,37110261,4,6
4093991,4195507,4,6
4093991,37119080,4,6
4095793,4058381,4,6
4095793,37117191,4,5
4095793,4019817,3,3
4095793,4189364,4,5
4095793,37209399,4,5
4095793,4127413,3,5
4095793,37209400,4,5
4095793,200461,3,4
4095793,4034015,4,5
4095793,37209188,5,6
4095793,199881,3,4
4095793,4307585,3,4
4095793,4222798,2,2
4095793,194420,4,5
4095793,4211992,3,4
4095793,4195507,2,2
4095793,4200841,4,5
4095793,4182703,2,2
4095922,4189364,2,2
4096860,4072148,2,2
4096864,4189364,5,5
4096864,36717630,4,4
4096864,37209188,6,6
4096864,194421,3,3
4096864,36713393,4,4
4096864,37209399,5,5
4096864,194420,5,5
4096864,4127413,4,5
4096864,4034015,5,6
4096864,200461,4,4
4096864,4260818,4,6
4096864,37117191,5,5
4096864,4058381,5,6
4096864,37209400,5,5
4096864,4317964,4,5
4096864,4276944,4,4
4096864,199881,4,4
4096864,4224161,4,5
4096976,4317964,2,2
4101219,4260818,3,3
4102111,4034015,7,8
4103995,4317964,1,1
4104155,4276944,1,1
4104157,4034015,4,6
4104157,4189364,4,6
4104157,4307585,3,5
4104157,200461,3,5
4104157,4127413,4,6
4104157,4003678,2,5
4104157,199881,3,5
4104157,37209400,4,6
4104157,37209399,4,6
4104157,4058381,4,7
4104157,4019817,2,4
4104157,37117191,4,6
4104157,37209188,5,7
4104157,4182703,2,3
4104157,4222798,2,3
4104157,4195507,2,3
4104157,4211992,3,5
4104157,194420,3,6
4104157,4200841,4,6
4113552,4224161,2,2
4113998,4034015,5,5
4113999,4034015,6,7
4115107,4034015,4,4
4115259,4051345,4,4
4115259,4176409,3,3
4115260,4176409,2,2
4115260,4051345,3,3
4115728,4003678,2,2
4116778,4051345,2,2
4116778,4176409,1,1
4116786,4051345,2,2
4117930,4260818,7,9
4117930,199881,5,8
4117930,197033,5,6
4117930,194421,6,6
4117930,37209400,6,9
4117930,4276944,5,8
4117930,4132140,5,5
4117930,36713394,4,4
4117930,4176409,5,5
4117930,37110262,4,5
4117930,4019817,5,7
4117930,194420,6,9
4117930,4211992,5,8
4117930,37110261,6,7
4117930,4317964,6,8
4117930,4051345,5,6
4117930,37117191,6,9
4117930,36717630,7,7
4117930,4189364,6,9
4117930,4034015,6,9
4117930,4072148,5,6
4117930,37119080,6,7
4117930,4307585,6,8
4117930,4222798,5,7
4117930,37209188,7,10
4117930,36713393,7,7
4117930,37209399,6,9
4117930,4058381,6,10
4117930,200461,5,8
4117930,4200841,4,9
4117930,4182703,5,7
4117930,4003678,5,8
4117930,4195507,5,7
4117930,4127413,6,9
4117930,4272614,6,7
4117930,4224161,7,8
4124325,4307585,1,1
4124486,4058381,3,4
4124486,4127413,2,3
4124486,4189364,3,3
4124486,200461,2,2
4124650,37117191,2,2
4124650,37209188,3,3
4124650,4034015,2,3
4124650,37209399,2,2
4124650,199881,1,1
4124650,37209400,2,2
4126903,4211992,1,1
4126903,4200841,2,2
4127413,4127413,0,0
4127688,4058381,2,2
4127688,4189364,2,2
4127688,200461,1,1
4127688,4127413,2,2
4127855,194420,3,3
4128194,4307585,2,2
4129482,37209400,3,3
4129482,199881,2,2
4129482,37209188,4,4
4129482,37209399,3,3
4129482,4034015,3,4
4129482,37117191,3,3
4129486,4307585,3,3
4129499,4034015,2,2
4132140,194420,1,1
4132140,4222798,2,2
4132140,4195507,2,2
4132140,4182703,2,2
4132140,4211992,1,1
4132140,4276944,1,1
4132140,37110261,2,2
4132140,4200841,2,2
4132140,4132140,0,0
4132140,4034015,2,2
4132140,4058381,2,2
4132140,37209399,2,2
4132140,37117191,2,2
4132140,4127413,2,2
4132140,4317964,1,1
4132140,37209400,2,2
4132140,199881,1,1
4132140,37119080,2,2
4132140,4019817,2,2
4132140,197033,1,1
4132140,4272614,2,2
4132140,4189364,2,2
4132140,200461,1,1
4132140,37209188,3,3
4132397,2109445,3,4
4132397,2109446,3,4
4132397,2109444,3,4
4134442,194420,2,2
4134598,2109444,3,5
4134598,2109446,3,5
4134598,2109445,3,5
4134602,2109445,4,5
4134602,2109446,4,5
4134602,2109444,4,5
4136165,2109445,3,4
4136165,2109446,3,4
4136165,2109444,3,4
4136166,2109444,1,2
4136166,2109446,1,2
4136166,2109445,1,2
4145825,4317964,2,2
4146995,4146995,0,0
4146995,139882,1,1
4159949,2109446,3,4
4159949,2109444,3,4
4159949,2109445,3,4
4171379,37209399,6,6
4171379,200461,5,5
4171379,4127413,6,6
4171379,4195507,3,3
4171379,194420,6,6
4171379,4034015,5,6
4171379,4019817,4,4
4171379,37209188,7,7
4171379,37209400,6,6
4171379,4189364,6,6
4171379,4003678,5,5
4171379,4058381,6,7
4171379,4307585,5,5
4171379,4276944,5,5
4171379,37117191,6,6
4171379,199881,5,5
4171379,4200841,6,6
4171379,4211992,5,5
4171379,4222798,3,3
4171379,4182703,3,3
4176409,4176409,0,0
4176409,4051345,1,1
4176801,2109446,3,4
4176801,2109444,3,4
4176801,2109445,3,4
4178683,2109445,2,6
4178683,2109444,2,6
4178683,2109446,2,6
4179871,4222798,2,2
4179871,37209400,5,5
4179871,4019817,3,3
4179871,4200841,5,5
4179871,199881,4,4
4179871,4127413,5,5
4179871,37117191,5,5
4179871,4058381,5,6
4179871,4182703,2,2
4179871,37209399,5,5
4179871,4211992,4,4
4179871,37209188,6,6
4179871,4195507,2,2
4179871,194420,5,5
4179871,4307585,4,4
4179871,200461,4,4
4179871,4003678,4,4
4179871,4034015,4,5
4179871,4189364,5,5
4180154,4019817,2,2
4180154,199881,3,3
4180154,37117191,4,4
4180154,4034015,3,4
4180154,200461,3,3
4180154,4127413,4,4
4180154,4058381,4,5
4180154,4307585,3,3
4180154,37209188,5,5
4180154,4189364,4,4
4180154,37209399,4,4
4180154,37209400,4,4
4180154,194420,4,4
4180154,4182703,1,1
4180154,4222798,1,1
4180154,4200841,4,4
4180154,4195507,1,1
4180154,4211992,3,3
4180627,2109445,3,9
4180627,2109446,3,9
4180627,2109444,3,9
4180628,4058381,7,8
4180628,4200841,3,7
4180628,4260818,5,9
4180628,4019817,5,5
4180628,4317964,5,8
4180628,37209400,4,7
4180628,37117191,4,7
4180628,199881,3,6
4180628,4051345,5,5
4180628,139882,6,6
4180628,36713393,5,7
4180628,4189364,7,7
4180628,4176409,4,4
4180628,4307585,6,6
4180628,4211992,6,6
4180628,37209399,4,7
4180628,4127413,7,7
4180628,36717630,5,7
4180628,37209188,5,8
4180628,4224161,5,8
4180628,4003678,6,6
4180628,200461,6,6
4180628,4146995,5,5
4180628,4222798,4,4
4180628,4182703,4,4
4180628,4276944,6,6
4180628,194421,4,6
4180628,4195507,4,4
4180628,194420,7,7
4180628,4034015,4,7
4180645,4200841,1,1
4180645,4222798,4,4
4180645,4182703,4,4
4180645,37110261,4,4
4180645,197033,3,3
4180645,4195507,4,4
4180645,4272614,4,4
4180645,4051345,2,2
4180645,37110262,2,2
4180645,4019817,4,4
4180645,37119080,4,4
4180648,2109445,1,3
4180648,2109446,1,3
4180648,2109444,1,3
4181194,4003678,3,3
4182703,4182703,0,0
4185503,4051345,3,4
4185503,36713394,2,2
4185503,4176409,3,3
4187787,4187787,0,0
4189364,4189364,0,0
4195507,4195507,0,0
4197094,4260818,3,5
4197094,194421,2,2
4197094,36717630,3,3
4197094,4317964,3,4
4197094,4224161,3,4
4197094,36713393,3,3
4199402,199881,6,9
4199402,37110262,5,6
4199402,197033,6,7
4199402,4072148,6,7
4199402,4146995,4,4
4199402,4276944,6,9
4199402,4182703,6,8
4199402,4200841,5,10
4199402,4051345,6,7
4199402,4058381,7,11
4199402,4034015,7,10
4199402,37209399,7,10
4199402,4307585,7,9
4199402,200461,6,9
4199402,37209188,8,11
4199402,4003678,6,9
4199402,4127413,7,10
4199402,4132140,6,6
4199402,36713393,8,8
4199402,37119080,7,8
4199402,4222798,6,8
4199402,4224161,8,9
4199402,37117191,7,10
4199402,37209400,7,10
4199402,4019817,6,8
4199402,194421,7,7
4199402,139882,5,5
4199402,4317964,7,9
4199402,4260818,8,10
4199402,4189364,7,10
4199402,4272614,7,8
4199402,37110261,7,8
4199402,36717630,8,8
4199402,36713394,5,5
4199402,194420,7,10
4199402,4211992,6,9
4199402,4176409,6,6
4199402,4195507,6,8
4200841,4200841,0,0
4201745,4224161,4,7
4201745,36713393,4,6
4201745,4317964,4,7
4201745,4260818,4,8
4201745,36717630,4,6
4201745,194421,3,5
4206591,4034015,5,6
4207977,37117191,2,2
4207977,37209400,2,2
4207977,4034015,2,2
4207977,37209188,3,3
4207977,37209399,2,2
4207977,199881,1,1
4208786,4200841,1,1
4209224,4034015,4,4
4211992,4200841,1,1
4211992,4211992,0,0
4212577,4146995,4,4
4212577,139882,5,5
4222798,4222798,0,0
4224161,4224161,0,0
4227253,199881,5,5
4227253,4224161,5,6
4227253,4260818,5,7
4227253,37117191,6,6
4227253,36713393,5,5
4227253,37209399,6,6
4227253,4276944,5,5
4227253,4034015,6,7
4227253,36717630,5,5
4227253,194421,4,4
4227253,37209188,7,7
4227253,200461,5,5
4227253,4176409,3,3
4227253,4317964,5,6
4227253,194420,6,6
4227253,4051345,4,4
4227253,4127413,5,6
4227253,4189364,6,6
4227253,4058381,6,7
4227253,37209400,6,6
4230333,4230333,0,0
4239352,2109446,2,3
4239352,2109444,2,3
4239352,2109445,2,3
4244662,4200841,2,2
4260818,4260818,0,0
4264439,4264439,0,0
4270918,2109445,0,1
4270918,2109444,0,1
4270918,2109446,0,1
4272614,4272614,0,0
4274025,37209188,5,11
4274025,4276944,3,9
4274025,4003678,2,9
4274025,433527,1,1
4274025,4072148,3,7
4274025,4127413,4,10
4274025,4034015,4,10
4274025,4187787,2,2
4274025,4146995,3,7
4274025,4307585,2,9
4274025,36713393,3,9
4274025,4200841,4,10
4274025,4132140,2,6
4274025,4222798,4,8
4274025,4224161,3,10
4274025,4189364,4,10
4274025,37119080,4,8
4274025,200461,3,9
4274025,36717630,3,9
4274025,37209399,4,10
4274025,4182703,4,8
4274025,4288543,2,2
4274025,4264439,2,2
4274025,4272614,4,8
4274025,4034016,2,2
4274025,4260818,3,11
4274025,4317964,3,10
4274025,199881,3,9
4274025,36713394,3,5
4274025,4051345,5,7
4274025,4195507,4,8
4274025,4176409,4,6
4274025,37110262,2,6
4274025,37117191,4,10
4274025,37209400,4,10
4274025,4230333,2,2
4274025,197033,3,7
4274025,194421,2,8
4274025,194420,3,10
4274025,139882,4,8
4274025,4058381,4,11
4274025,37110261,4,8
4274025,4211992,3,9
4274025,4019817,4,8
4275431,2109446,3,7
4275431,2109444,3,7
4275431,2109445,3,7
4276944,4276944,0,0
4279903,2109446,2,4
4279903,2109444,2,4
4279903,2109445,2,4
4288085,4072148,1,1
4288543,4288543,0,0
4297887,194421,2,2
4297887,4260818,3,5
4297887,4317964,3,4
4297887,36713393,3,3
4297887,4224161,3,4
4297887,36717630,3,3
4300862,2109446,0,1
4300862,2109445,0,1
4300862,2109444,0,1
4301351,2109446,4,8
4301351,2109444,4,8
4301351,2109445,4,8
4301471,4276944,2,2
4302537,4260818,5,9
4302537,36717630,5,7
4302537,36713393,5,7
4302537,4224161,5,8
4302537,194421,4,6
4302537,4317964,5,8
4303951,4058381,2,2
4304916,36717630,4,5
4304916,36713393,4,5
4304916,4224161,4,6
4304916,194421,3,4
4304916,4317964,4,6
4304916,4260818,4,7
4304932,2109444,1,2
4304932,2109445,1,2
4304932,2109446,1,2
4305331,2109446,0,1
4305331,2109444,0,1
4305331,2109445,0,1
4307585,4307585,0,0
4308719,2109444,0,1
4308719,2109445,0,1
4308719,2109446,0,1
4309188,36717630,5,5
4309188,4224161,5,6
4309188,36713393,5,5
4309188,194421,4,4
4309188,4260818,5,7
4309188,4317964,5,6
4309433,2109446,1,2
4309433,2109444,1,2
4309433,2109445,1,2
4316083,4146995,1,1
4316083,139882,2,2
4317258,139882,3,3
4317258,4146995,2,2
4317964,4317964,0,0
4322976,2109444,4,10
4322976,2109445,4,10
4322976,2109446,4,10
4326426,2109445,3,6
4326426,2109446,3,6
4326426,2109444,3,6
4338843,4051345,1,1
4344265,4200841,1,1
4344497,4200841,2,2
4344497,4182703,2,2
4344497,37119080,2,2
4344497,4019817,2,2
4344497,4222798,2,2
4344497,197033,1,1
4344497,4072148,1,1
4344497,4146995,2,2
4344497,4195507,2,2
4344497,37110261,2,2
4344497,37110262,1,1
4344497,139882,3,3
4344497,4272614,2,2
36675054,2109446,5,8
36675054,2109444,5,8
36675054,2109445,5,8
36713393,36713393,0,0
36713394,4051345,2,2
36713394,4176409,1,1
36713394,36713394,0,0
36717630,36717630,0,0
37018424,4146995,2,2
37018424,139882,3,3
37110208,200461,2,2
37110208,4189364,3,3
37110208,37209399,3,3
37110208,4195507,1,1
37110208,194420,2,2
37110208,37209188,4,4
37110208,4211992,2,2
37110208,4003678,1,1
37110208,4307585,2,2
37110208,4127413,3,3
37110208,4034015,3,5
37110208,4222798,1,1
37110208,199881,2,2
37110208,37117191,3,3
37110208,37209400,3,3
37110208,4058381,3,3
37110208,4200841,3,3
37110208,4019817,1,1
37110208,4182703,1,1
37110261,37110261,0,0
37110262,37110262,0,0
37117191,37117191,0,0
37119080,37119080,0,0
37209188,37209188,0,0
37209383,37209188,2,2
37209383,37209400,1,1
37209384,37209188,2,2
37209384,37209399,1,1
37209399,37209399,0,0
37209399,37209188,1,1
37209400,37209400,0,0
37209400,37209188,1,1
37311677,36717630,5,5
37311677,197033,4,4
37311677,4272614,5,5
37311677,4019817,4,5
37311677,37110262,3,3
37311677,4034015,4,7
37311677,36713393,5,5
37311677,4307585,5,6
37311677,37209400,4,7
37311677,4260818,5,7
37311677,4127413,4,7
37311677,37209188,5,8
37311677,4189364,4,7
37311677,37119080,5,5
37311677,4195507,3,5
37311677,200461,3,6
37311677,37209399,4,7
37311677,4003678,5,6
37311677,194420,4,7
37311677,4276944,3,6
37311677,4224161,5,6
37311677,4211992,3,6
37311677,199881,3,6
37311677,37110261,5,5
37311677,37117191,4,7
37311677,194421,4,4
37311677,4058381,4,8
37311677,4317964,4,6
37311677,4200841,4,7
37311677,4072148,4,4
37311677,4132140,3,3
37311677,4182703,3,5
37311677,4222798,3,5
37311678,4182703,4,6
37311678,37117191,5,8
37311678,4260818,6,8
37311678,4019817,4,6
37311678,4058381,5,9
37311678,4132140,4,4
37311678,4224161,6,7
37311678,4276944,4,7
37311678,194421,5,5
37311678,37110261,6,6
37311678,4222798,4,6
37311678,4200841,5,8
37311678,4072148,4,5
37311678,4195507,4,6
37311678,4211992,4,7
37311678,36713393,6,6
37311678,194420,5,8
37311678,36717630,6,6
37311678,37119080,6,6
37311678,4034015,5,8
37311678,4127413,5,8
37311678,37209188,6,9
37311678,4307585,5,7
37311678,4272614,6,6
37311678,200461,4,7
37311678,4189364,5,8
37311678,37209399,5,8
37311678,4003678,4,7
37311678,37110262,4,4
37311678,197033,5,5
37311678,4317964,5,7
37311678,37209400,5,8
37311678,199881,4,7
38003620,38003620,0,0
38004207,8883,1,1
38004353,8850,1,1
38004353,8668,1,1
40481998,4034015,3,3
40486024,4034015,3,3
42898160,8546,1,1
43531053,37209188,5,6
43531053,37119080,4,4
43531053,194420,3,5
43531053,37110261,4,4
43531053,4003678,4,4
43531053,4127413,4,5
43531053,4307585,4,4
43531053,4034015,4,5
43531053,37117191,4,5
43531053,4211992,3,4
43531053,4317964,3,4
43531053,4195507,2,4
43531053,4019817,3,4
43531053,37209400,4,5
43531053,197033,3,3
43531053,199881,3,4
43531053,4200841,3,5
43531053,4058381,4,6
43531053,4276944,3,3
43531053,4222798,2,4
43531053,4132140,2,2
43531053,4189364,4,5
43531053,37209399,4,5
43531053,4272614,4,4
43531053,4182703,2,4
43531053,200461,3,4
43531054,200461,2,2
43531054,4317964,2,3
43531054,37117191,3,3
43531054,37209188,4,4
43531054,37119080,3,3
43531054,37209399,3,3
43531054,37209400,3,3
43531054,199881,2,2
43531054,4019817,3,3
43531054,197033,2,2
43531054,4058381,3,4
43531054,4272614,3,3
43531054,4034015,3,3
43531054,4189364,3,3
43531054,4127413,3,3
43531054,194420,2,3
43531054,4195507,3,3
43531054,37110261,3,3
43531054,4211992,2,2
43531054,4200841,2,3
43531054,4276944,2,2
43531054,4182703,3,3
43531054,4222798,3,3
43531054,4132140,1,1
43531055,4307585,3,3
43531056,4176409,3,3
43531056,36713394,2,2
43531056,4051345,4,4
43531057,4051345,4,5
43531057,36713394,3,3
43531057,4176409,4,4
43531058,4272614,5,5
43531058,37209399,4,6
43531058,4195507,5,5
43531058,4189364,4,6
43531058,36717630,5,5
43531058,194420,4,6
43531058,37110261,5,5
43531058,37119080,5,5
43531058,194421,4,4
43531058,4127413,4,6
43531058,36713393,5,5
43531058,200461,3,5
43531058,37209188,5,7
43531058,4034015,4,7
43531058,4211992,3,3
43531058,4317964,4,6
43531058,4072148,3,4
43531058,4182703,5,5
43531058,37110262,3,3
43531058,4058381,4,7
43531058,4200841,4,4
43531058,4019817,5,5
43531058,4224161,5,6
43531058,197033,4,4
43531058,37117191,4,6
43531058,4276944,3,5
43531058,4260818,5,7
43531058,4222798,5,5
43531058,37209400,4,6
43531058,199881,3,5
43531059,4132140,3,3
43531059,194420,4,6
43531059,4195507,3,5
43531059,4276944,4,5
43531059,4222798,3,5
43531059,4211992,4,5
43531059,37110261,5,5
43531059,4182703,3,5
43531059,4200841,4,6
43531059,4058381,5,7
43531059,200461,4,5
43531059,37209400,5,6
43531059,37119080,5,5
43531059,4317964,4,5
43531059,37209188,6,7
43531059,199881,4,5
43531059,4019817,4,5
43531059,4003678,4,5
43531059,4307585,4,5
43531059,37117191,5,6
43531059,197033,4,4
43531059,4272614,5,5
43531059,37209399,5,6
43531059,4189364,5,6
43531059,4127413,4,6
43531059,4034015,5,7
43531060,37209188,5,6
43531060,4132140,2,2
43531060,4200841,3,4
43531060,4127413,4,5
43531060,4034015,4,6
43531060,4276944,3,4
43531060,200461,3,4
43531060,4189364,4,5
43531060,4272614,4,4
43531060,37119080,4,4
43531060,4222798,4,4
43531060,37209399,4,5
43531060,4182703,4,4
43531060,37110261,4,4
43531060,197033,3,3
43531060,4317964,3,4
43531060,199881,3,4
43531060,37209400,4,5
43531060,37117191,4,5
43531060,4019817,4,4
43531060,4195507,4,4
43531060,4211992,3,3
43531060,194420,3,5
43531060,4058381,4,6
44784102,37209399,4,4
44784102,4127413,3,4
44784102,4034015,4,5
44784102,4189364,4,4
44784102,200461,3,3
44784102,37209188,5,5
44784102,37209400,4,4
44784102,194420,4,4
44784102,4276944,3,3
44784102,4058381,4,5
44784102,37117191,4,4
44784102,199881,3,3
45763613,4260818,1,1
45763639,4307585,2,2
45770990,4034015,2,2
45887797,2109444,1,1
45887797,2109445,1,1
45887797,2109446,1,1
45888067,2109446,2,2
45888067,2109445,2,2
45888067,2109444,2,2
45888085,2109444,5,5
45888085,2109446,5,5
45888085,2109445,5,5
45888353,2109446,4,4
45888353,2109445,4,4
45888353,2109444,4,4
45889197,2109446,6,6
45889197,2109444,6,6
45889197,2109445,6,6
45889721,2109445,3,3
45889721,2109446,3,3
45889721,2109444,3,3
46273429,194420,1,1
46273430,4058381,1,1
